Workbook

Sheet Sales
A1: Order ID | B1: Product ID | C1: Product Name | D1: Employee ID | E1: Emp_Region | F1: Units Sold | G1: Unit price | H1: Revenue
A2: O001 | B2: P101 | C2: =VLOOKUP($B2,ProductMaster!$A$2:$D$6,2,FALSE) -> Keyboard | D2: E01 | E2: =VLOOKUP($D2,EmployeeMaster!$A$2:$D$4,4) -> North | F2: 5 | G2: =VLOOKUP(Sales!$B2,ProductMaster!A2:D5,4,FALSE) -> 40 | H2: =$F2*_xlfn.XLOOKUP($B2,ProductMaster!$A$2:$A$6,ProductMaster!$D$2:$D$6) -> 200
A3: O002 | B3: P102 | C3: =VLOOKUP($B3,ProductMaster!$A$2:$D$6,2,FALSE) -> Mouse | D3: E02 | E3: =VLOOKUP($D3,EmployeeMaster!$A$2:$D$4,4) -> East | F3: 3 | G3: =VLOOKUP(Sales!$B3,ProductMaster!A3:D6,4,FALSE) -> 25 | H3: =$F3*_xlfn.XLOOKUP($B3,ProductMaster!$A$2:$A$6,ProductMaster!$D$2:$D$6) -> 75
A4: O003 | B4: P103 | C4: =VLOOKUP($B4,ProductMaster!$A$2:$D$6,2,FALSE) -> Monitor | D4: E03 | E4: =VLOOKUP($D4,EmployeeMaster!$A$2:$D$4,4) -> West | F4: 8 | G4: =VLOOKUP(Sales!$B4,ProductMaster!A4:D7,4,FALSE) -> 200 | H4: =$F4*_xlfn.XLOOKUP($B4,ProductMaster!$A$2:$A$6,ProductMaster!$D$2:$D$6) -> 1600
A5: O004 | B5: P104 | C5: =VLOOKUP($B5,ProductMaster!$A$2:$D$6,2,FALSE) -> Laptop | D5: E01 | E5: =VLOOKUP($D5,EmployeeMaster!$A$2:$D$4,4) -> North | F5: 2 | G5: =VLOOKUP(Sales!$B5,ProductMaster!A5:D8,4,FALSE) -> 800 | H5: =$F5*_xlfn.XLOOKUP($B5,ProductMaster!$A$2:$A$6,ProductMaster!$D$2:$D$6) -> 1600
A6: O005 | B6: P105 | C6: =VLOOKUP($B6,ProductMaster!$A$2:$D$6,2,FALSE) -> Phone | D6: E03 | E6: =VLOOKUP($D6,EmployeeMaster!$A$2:$D$4,4) -> West | F6: 6 | G6: =VLOOKUP(Sales!$B6,ProductMaster!A6:D9,4,FALSE) -> 1000 | H6: =$F6*_xlfn.XLOOKUP($B6,ProductMaster!$A$2:$A$6,ProductMaster!$D$2:$D$6) -> 6000
G11: Product ID | H11: Unit Price | J11: EmpId | K11: Region
G12: P101 | H12: =_xlfn.XLOOKUP(G12,ProductMaster!A2:A6,ProductMaster!D2:D6) -> 40 | J12: E01 | K12: =_xlfn.XLOOKUP($J12,EmployeeMaster!A2:A4,EmployeeMaster!D2:D4) -> North
G13: P102 | H13: =_xlfn.XLOOKUP(G13,ProductMaster!A3:A7,ProductMaster!D3:D7) -> 25 | J13: E02 | K13: =_xlfn.XLOOKUP($J13,EmployeeMaster!A3:A5,EmployeeMaster!D3:D5) -> East
G14: P103 | H14: =_xlfn.XLOOKUP(G14,ProductMaster!A4:A8,ProductMaster!D4:D8) -> 200 | J14: E03 | K14: =_xlfn.XLOOKUP($J14,EmployeeMaster!A4:A6,EmployeeMaster!D4:D6) -> West
G15: P104 | H15: =_xlfn.XLOOKUP(G15,ProductMaster!A5:A9,ProductMaster!D5:D9) -> 800
G16: P105 | H16: =_xlfn.XLOOKUP(G16,ProductMaster!A6:A10,ProductMaster!D6:D10) -> 1000

Sheet ProductMaster
A1: Product ID | B1: Product Name | C1: Category | D1: Unit Price
A2: P101 | B2: Keyboard | C2: Accessories | D2: 40
A3: P102 | B3: Mouse | C3: Accessories | D3: 25
A4: P103 | B4: Monitor | C4: Electronics | D4: 200
A5: P104 | B5: Laptop | C5: Electronics | D5: 800
A6: p105 | B6: Phone | C6: Electronics | D6: 1000

Sheet EmployeeMaster
A1: Employee ID | B1: Employee Name | C1: Department | D1: Region
A2: E01 | B2: Alice | C2: Sales | D2: North
A3: E02 | B3: Bob | C3: Finance | D3: East
A4: E03 | B4: Carol | C4: Sales | D4: West
